Mois,Samsung Galaxy Ace

2008-01,0

2008-02,0

2008-03,0

2008-04,0

2008-05,0

2008-06,0

2008-07,0

2008-08,0

2008-09,0

2008-10,0

2008-11,0

2008-12,0

2009-01,0

2009-02,0

2009-03,0

2009-04,0

2009-05,0

2009-06,0

2009-07,0

2009-08,0

2009-09,0

2009-10,0

2009-11,0

2009-12,0

2010-01,0

2010-02,0

2010-03,0

2010-04,0

2010-05,0

2010-06,0

2010-07,0

2010-08,0

2010-09,0

2010-10,0

2010-11,0

2010-12,0

2011-01,1

2011-02,3

2011-03,7

2011-04,17

2011-05,22

2011-06,23

2011-07,25

2011-08,39

2011-09,42

2011-10,43

2011-11,54

2011-12,58

2012-01,65

2012-02,63

2012-03,51

2012-04,51

2012-05,53

2012-06,74

2012-07,87

2012-08,87

2012-09,100

2012-10,78

2012-11,78

2012-12,76

2013-01,70

2013-02,54

2013-03,53

2013-04,38

2013-05,31

2013-06,38

2013-07,31

2013-08,27

2013-09,22

2013-10,18

2013-11,17

2013-12,13

2014-01,13

2014-02,11

2014-03,10

2014-04,13

2014-05,11

2014-06,9

2014-07,9

2014-08,6

2014-09,9

2014-10,8

2014-11,8

2014-12,8

2015-01,9

2015-02,8

2015-03,6

2015-04,7

2015-05,6

2015-06,5

2015-07,5

2015-08,6

2015-09,6

2015-10,5

2015-11,4

2015-12,4

2016-01,4

2016-02,3

2016-03,3

2016-04,2

2016-05,3

2016-06,2

2016-07,3

2016-08,3

2016-09,2

2016-10,2

2016-11,2

2016-12,1

2017-01,1

2017-02,1

2017-03,1

2017-04,1

2017-05,1

2017-06,1

2017-07,1

2017-08,1

2017-09,1

2017-10,1

2017-11,0

2017-12,1

2018-01,1

2018-02,1

2018-03,0

2018-04,0

2018-05,1

2018-06,1

2018-07,1

2018-08,1

2018-09,1

2018-10,0

2018-11,0

2018-12,0

2019-01,0

2019-02,0

2019-03,0

2019-04,1

2019-05,0

2019-06,0

2019-07,0

2019-08,0

2019-09,0

2019-10,0

2019-11,0

2019-12,0

2020-01,1

2020-02,0

2020-03,0

2020-04,0

2020-05,0

2020-06,1
